collected_at_utc,appid,player_count
2026-10-01T07:10:48+00:00,570,461683
2026-10-01T07:10:48+00:00,730,633397
2026-10-01T07:10:48+00:00,440,39734
2026-10-01T07:10:48+00:00,1172470,106215
2026-10-01T07:10:48+00:00,230410,49013
2026-10-01T07:10:48+00:00,238960,3598
2026-10-01T07:10:48+00:00,1085660,16077
2026-10-01T07:10:48+00:00,578080,370306
2026-10-01T07:10:48+00:00,1203220,40538
2026-10-01T07:10:48+00:00,236390,41845
2026-10-01T07:10:48+00:00,444090,421
2026-10-01T07:10:48+00:00,304930,14288
2026-10-01T07:10:48+00:00,1599340,3879
2026-10-01T07:10:48+00:00,2073850,5422
2026-10-01T07:10:48+00:00,2357570,33157
2026-10-01T07:10:48+00:00,252490,35933
2026-10-01T07:10:48+00:00,381210,24279
2026-10-01T07:10:48+00:00,105600,28401
2026-10-01T07:10:48+00:00,322330,30550
2026-10-01T07:10:48+00:00,892970,62658
2026-10-01T07:10:48+00:00,1245620,20403
2026-10-01T07:10:48+00:00,271590,30870
2026-10-01T07:10:48+00:00,1091500,20432
2026-10-01T07:10:48+00:00,553850,27665
2026-10-01T07:10:48+00:00,1623730,36595
2026-10-01T07:10:48+00:00,227300,15315
2026-10-01T07:10:48+00:00,359550,32536
2026-10-01T07:10:48+00:00,1966720,1386
2026-10-01T14:27:19+00:00,570,781461
2026-10-01T14:27:19+00:00,730,1170679
2026-10-01T14:27:19+00:00,440,68072
2026-10-01T14:27:19+00:00,1172470,199852
2026-10-01T14:27:19+00:00,230410,68755
2026-10-01T14:27:19+00:00,238960,5805
2026-10-01T14:27:19+00:00,1085660,18121
2026-10-01T14:27:19+00:00,578080,609840
2026-10-01T14:27:19+00:00,1203220,62666
2026-10-01T14:27:19+00:00,236390,84492
2026-10-01T14:27:19+00:00,444090,729
2026-10-01T14:27:19+00:00,304930,13018
2026-10-01T14:27:19+00:00,1599340,5457
2026-10-01T14:27:19+00:00,2073850,8108
2026-10-01T14:27:19+00:00,2357570,57618
2026-10-01T14:27:19+00:00,252490,69671
2026-10-01T14:27:19+00:00,381210,43105
2026-10-01T14:27:19+00:00,105600,39614
2026-10-01T14:27:19+00:00,322330,43591
2026-10-01T14:27:19+00:00,892970,114529
2026-10-01T14:27:19+00:00,1245620,31213
2026-10-01T14:27:19+00:00,271590,58890
2026-10-01T14:27:19+00:00,1091500,29945
2026-10-01T14:27:19+00:00,553850,43734
2026-10-01T14:27:19+00:00,1623730,54356
2026-10-01T14:27:19+00:00,227300,38125
2026-10-01T14:27:19+00:00,359550,51794
2026-10-01T14:27:19+00:00,1966720,2635
2026-10-01T23:11:37+00:00,570,434392
2026-10-01T23:11:37+00:00,730,576694
2026-10-01T23:11:37+00:00,440,56568
2026-10-01T23:11:37+00:00,1172470,50479
2026-10-01T23:11:37+00:00,230410,49307
2026-10-01T23:11:37+00:00,238960,4619
2026-10-01T23:11:37+00:00,1085660,26152
2026-10-01T23:11:37+00:00,578080,104750
2026-10-01T23:11:37+00:00,1203220,6691
2026-10-01T23:11:37+00:00,236390,32062
2026-10-01T23:11:37+00:00,444090,850
2026-10-01T23:11:37+00:00,304930,14335
2026-10-01T23:11:37+00:00,1599340,4779
2026-10-01T23:11:37+00:00,2073850,10650
2026-10-01T23:11:37+00:00,2357570,63027
2026-10-01T23:11:37+00:00,252490,106147
2026-10-01T23:11:37+00:00,381210,33907
2026-10-01T23:11:37+00:00,105600,20943
2026-10-01T23:11:37+00:00,322330,9442
2026-10-01T23:11:37+00:00,892970,112800
2026-10-01T23:11:37+00:00,1245620,20271
2026-10-01T23:11:37+00:00,271590,30605
2026-10-01T23:11:37+00:00,1091500,21262
2026-10-01T23:11:37+00:00,553850,30077
2026-10-01T23:11:37+00:00,1623730,32534
2026-10-01T23:11:37+00:00,227300,17709
2026-10-01T23:11:37+00:00,359550,63413
2026-10-01T23:11:37+00:00,1966720,2080
