appid,ghi_chu
570,Dota 2
730,Counter-Strike 2
440,Team Fortress 2
1172470,Apex Legends
230410,Warframe
238960,Path of Exile
1085660,Destiny 2
578080,PUBG BATTLEGROUNDS
1203220,NARAKA BLADEPOINT
236390,War Thunder
444090,Paladins
304930,Unturned
1599340,Lost Ark
2073850,THE FINALS
2357570,Overwatch 2
252490,Rust
381210,Dead by Daylight
105600,Terraria
322330,Don't Starve Together
892970,Valheim
1245620,ELDEN RING
271590,Grand Theft Auto V
1091500,Cyberpunk 2077
553850,HELLDIVERS 2
1623730,Palworld
227300,Euro Truck Simulator 2
359550,Rainbow Six Siege
1966720,Lethal Company
