collected_at_utc,appid,country_code,price_final,price_initial,discount_percent
2026-10-04T10:05:42+00:00,570,vn,0,0,0
2026-10-04T10:05:42+00:00,730,vn,0,0,0
2026-10-04T10:05:42+00:00,440,vn,0,0,0
2026-10-04T10:05:42+00:00,1172470,vn,0,0,0
2026-10-04T10:05:42+00:00,230410,vn,0,0,0
2026-10-04T10:05:42+00:00,238960,us,0,0,0
2026-10-04T10:05:42+00:00,1085660,vn,0,0,0
2026-10-04T10:05:42+00:00,578080,vn,0,0,0
2026-10-04T10:05:42+00:00,1203220,us,0,0,0
2026-10-04T10:05:42+00:00,236390,vn,0,0,0
2026-10-04T10:05:42+00:00,444090,vn,0,0,0
2026-10-04T10:05:42+00:00,304930,vn,0,0,0
2026-10-04T10:05:42+00:00,1599340,us,0,0,0
2026-10-04T10:05:42+00:00,2073850,vn,0,0,0
2026-10-04T10:05:42+00:00,2357570,vn,0,0,0
2026-10-04T10:05:42+00:00,252490,vn,250000,500000,50
2026-10-04T10:05:42+00:00,381210,vn,136000,340000,60
2026-10-04T10:05:42+00:00,105600,vn,71000,142000,50
2026-10-04T10:05:42+00:00,322330,vn,56000,165000,66
2026-10-04T10:05:42+00:00,892970,vn,346500,385000,10
2026-10-04T10:05:42+00:00,1245620,vn,990000,990000,0
2026-10-04T10:05:42+00:00,271590,vn,0,0,0
2026-10-04T10:05:42+00:00,1091500,vn,297000,990000,70
2026-10-04T10:05:42+00:00,553850,us,29,39,25
2026-10-04T10:05:42+00:00,1623730,vn,269500,385000,30
2026-10-04T10:05:42+00:00,227300,vn,70000,280000,75
2026-10-04T10:05:42+00:00,359550,vn,0,0,0
2026-10-04T10:05:42+00:00,1966720,vn,142000,142000,0
